country,state,city
India,Andhra Pradesh,Anantapur
India,Andhra Pradesh,Chittoor
India,Andhra Pradesh,East Godavari
India,Andhra Pradesh,Guntur
India,Andhra Pradesh,Krishna
India,Andhra Pradesh,Kurnool
India,Andhra Pradesh,Nellore
India,Andhra Pradesh,Prakasam
India,Andhra Pradesh,Srikakulam
India,Andhra Pradesh,Visakhapatnam
India,Andhra Pradesh,Vizianagaram
India,Andhra Pradesh,West Godavari
India,Andhra Pradesh,YSR Kadapa
India,Arunachal Pradesh,Tawang
India,Arunachal Pradesh,West Kameng
India,Arunachal Pradesh,East Kameng
India,Arunachal Pradesh,Papum Pare
India,Arunachal Pradesh,Kurung Kumey
India,Arunachal Pradesh,Kra Daadi
India,Arunachal Pradesh,Lower Subansiri
India,Arunachal Pradesh,Upper Subansiri
India,Arunachal Pradesh,West Siang
India,Arunachal Pradesh,East Siang
India,Arunachal Pradesh,Siang
India,Arunachal Pradesh,Upper Siang
India,Arunachal Pradesh,Lower Siang
India,Arunachal Pradesh,Lower Dibang Valley
India,Arunachal Pradesh,Dibang Valley
India,Arunachal Pradesh,Anjaw
India,Arunachal Pradesh,Lohit
India,Arunachal Pradesh,Namsai
India,Arunachal Pradesh,Changlang
India,Arunachal Pradesh,Tirap
India,Arunachal Pradesh,Longding
India,Assam,Baksa
India,Assam,Barpeta
India,Assam,Biswanath
India,Assam,Bongaigaon
India,Assam,Cachar
India,Assam,Charaideo
India,Assam,Chirang
India,Assam,Darrang
India,Assam,Dhemaji
India,Assam,Dhubri
India,Assam,Dibrugarh
India,Assam,Goalpara
India,Assam,Golaghat
India,Assam,Hailakandi
India,Assam,Hojai
India,Assam,Jorhat
India,Assam,Kamrup Metropolitan
India,Assam,Kamrup
India,Assam,Karbi Anglong
India,Assam,Karimganj
India,Assam,Kokrajhar
India,Assam,Lakhimpur
India,Assam,Majuli
India,Assam,Morigaon
India,Assam,Nagaon
India,Assam,Nalbari
India,Assam,Dima Hasao
India,Assam,Sivasagar
India,Assam,Sonitpur
India,Assam,South Salmara-Mankachar
India,Assam,Tinsukia
India,Assam,Udalguri
India,Assam,West Karbi Anglong
India,Bihar,Araria
India,Bihar,Arwal
India,Bihar,Aurangabad
India,Bihar,Banka
India,Bihar,Begusarai
India,Bihar,Bhagalpur
India,Bihar,Bhojpur
India,Bihar,Buxar
India,Bihar,Darbhanga
India,Bihar,East Champaran (Motihari)
India,Bihar,Gaya
India,Bihar,Gopalganj
India,Bihar,Jamui
India,Bihar,Jehanabad
India,Bihar,Kaimur (Bhabua)
India,Bihar,Katihar
India,Bihar,Khagaria
India,Bihar,Kishanganj
India,Bihar,Lakhisarai
India,Bihar,Madhepura
India,Bihar,Madhubani
India,Bihar,Munger (Monghyr)
India,Bihar,Muzaffarpur
India,Bihar,Nalanda
India,Bihar,Nawada
India,Bihar,Patna
India,Bihar,Purnia (Purnea)
India,Bihar,Rohtas
India,Bihar,Saharsa
India,Bihar,Samastipur
India,Bihar,Saran
India,Bihar,Sheikhpura
India,Bihar,Sheohar
India,Bihar,Sitamarhi
India,Bihar,Siwan
India,Bihar,Supaul
India,Bihar,Vaishali
India,Bihar,West Champaran
India,Chandigarh (UT),Chandigarh
India,Chhattisgarh,Balod
India,Chhattisgarh,Baloda Bazar
India,Chhattisgarh,Balrampur
India,Chhattisgarh,Bastar
India,Chhattisgarh,Bemetara
India,Chhattisgarh,Bijapur
India,Chhattisgarh,Bilaspur
India,Chhattisgarh,Dantewada (South Bastar)
India,Chhattisgarh,Dhamtari
India,Chhattisgarh,Durg
India,Chhattisgarh,Gariyaband
India,Chhattisgarh,Janjgir-Champa
India,Chhattisgarh,Jashpur
India,Chhattisgarh,Kabirdham (Kawardha)
India,Chhattisgarh,Kanker (North Bastar)
India,Chhattisgarh,Kondagaon
India,Chhattisgarh,Korba
India,Chhattisgarh,Korea (Koriya)
India,Chhattisgarh,Mahasamund
India,Chhattisgarh,Mungeli
India,Chhattisgarh,Narayanpur
India,Chhattisgarh,Raigarh
India,Chhattisgarh,Raipur
India,Chhattisgarh,Rajnandgaon
India,Chhattisgarh,Sukma
India,Chhattisgarh,Surajpur  
India,Chhattisgarh,Surguja
India,Dadra and Nagar Haveli (UT),Dadra & Nagar Haveli
India,Daman and Diu (UT),Daman
India,Daman and Diu (UT),Diu
India,Delhi (NCT),Central Delhi
India,Delhi (NCT),East Delhi
India,Delhi (NCT),New Delhi
India,Delhi (NCT),North Delhi
India,Delhi (NCT),North East  Delhi
India,Delhi (NCT),North West  Delhi
India,Delhi (NCT),Shahdara
India,Delhi (NCT),South Delhi
India,Delhi (NCT),South East Delhi
India,Delhi (NCT),South West  Delhi
India,Delhi (NCT),West Delhi
India,Goa,North Goa
India,Goa,South Goa
India,Gujarat,Ahmedabad
India,Gujarat,Amreli
India,Gujarat,Anand
India,Gujarat,Aravalli
India,Gujarat,Banaskantha (Palanpur)
India,Gujarat,Bharuch
India,Gujarat,Bhavnagar
India,Gujarat,Botad
India,Gujarat,Chhota Udepur
India,Gujarat,Dahod
India,Gujarat,Dangs (Ahwa)
India,Gujarat,Devbhoomi Dwarka
India,Gujarat,Gandhinagar
India,Gujarat,Gir Somnath
India,Gujarat,Jamnagar
India,Gujarat,Junagadh
India,Gujarat,Kachchh
India,Gujarat,Kheda (Nadiad)
India,Gujarat,Mahisagar
India,Gujarat,Mehsana
India,Gujarat,Morbi
India,Gujarat,Narmada (Rajpipla)
India,Gujarat,Navsari
India,Gujarat,Panchmahal (Godhra)
India,Gujarat,Patan
India,Gujarat,Porbandar
India,Gujarat,Rajkot
India,Gujarat,Sabarkantha (Himmatnagar)
India,Gujarat,Surat
India,Gujarat,Surendranagar
India,Gujarat,Tapi (Vyara)
India,Gujarat,Vadodara
India,Gujarat,Valsad
India,Haryana,Ambala
India,Haryana,Bhiwani
India,Haryana,Charkhi Dadri
India,Haryana,Faridabad
India,Haryana,Fatehabad
India,Haryana,Gurgaon
India,Haryana,Hisar
India,Haryana,Jhajjar
India,Haryana,Jind
India,Haryana,Kaithal
India,Haryana,Karnal
India,Haryana,Kurukshetra
India,Haryana,Mahendragarh
India,Haryana,Mewat
India,Haryana,Palwal
India,Haryana,Panchkula
India,Haryana,Panipat
India,Haryana,Rewari
India,Haryana,Rohtak
India,Haryana,Sirsa
India,Haryana,Sonipat
India,Haryana,Yamunanagar
India,Himachal Pradesh,Bilaspur
India,Himachal Pradesh,Chamba
India,Himachal Pradesh,Hamirpur
India,Himachal Pradesh,Kangra
India,Himachal Pradesh,Kinnaur
India,Himachal Pradesh,Kullu
India,Himachal Pradesh,Lahaul &amp; Spiti
India,Himachal Pradesh,Mandi
India,Himachal Pradesh,Shimla
India,Himachal Pradesh,Sirmaur (Sirmour)
India,Himachal Pradesh,Solan
India,Himachal Pradesh,Una
India,Jammu and Kashmir,Anantnag
India,Jammu and Kashmir,Bandipore
India,Jammu and Kashmir,Baramulla
India,Jammu and Kashmir,Budgam
India,Jammu and Kashmir,Doda
India,Jammu and Kashmir,Ganderbal
India,Jammu and Kashmir,Jammu
India,Jammu and Kashmir,Kargil
India,Jammu and Kashmir,Kathua
India,Jammu and Kashmir,Kishtwar
India,Jammu and Kashmir,Kulgam
India,Jammu and Kashmir,Kupwara
India,Jammu and Kashmir,Leh
India,Jammu and Kashmir,Poonch
India,Jammu and Kashmir,Pulwama
India,Jammu and Kashmir,Rajouri
India,Jammu and Kashmir,Ramban
India,Jammu and Kashmir,Reasi
India,Jammu and Kashmir,Samba
India,Jammu and Kashmir,Shopian
India,Jammu and Kashmir,Srinagar
India,Jammu and Kashmir,Udhampur
India,Jharkhand,Bokaro
India,Jharkhand,Chatra
India,Jharkhand,Deoghar
India,Jharkhand,Dhanbad
India,Jharkhand,Dumka
India,Jharkhand,East Singhbhum
India,Jharkhand,Garhwa
India,Jharkhand,Giridih
India,Jharkhand,Godda
India,Jharkhand,Gumla
India,Jharkhand,Hazaribag
India,Jharkhand,Jamtara
India,Jharkhand,Khunti
India,Jharkhand,Koderma
India,Jharkhand,Latehar
India,Jharkhand,Lohardaga
India,Jharkhand,Pakur
India,Jharkhand,Palamu
India,Jharkhand,Ramgarh
India,Jharkhand,Ranchi
India,Jharkhand,Sahibganj
India,Jharkhand,Seraikela-Kharsawan
India,Jharkhand,Simdega
India,Jharkhand,West Singhbhum
India,Karnataka,Bagalkot
India,Karnataka,Ballari (Bellary)
India,Karnataka,Belagavi (Belgaum)
India,Karnataka,Bengaluru (Bangalore) Rural
India,Karnataka,Bengaluru (Bangalore) Urban
India,Karnataka,Bidar
India,Karnataka,Chamarajanagar
India,Karnataka,Chikballapur
India,Karnataka,Chikkamagaluru (Chikmagalur)
India,Karnataka,Chitradurga
India,Karnataka,Dakshina Kannada
India,Karnataka,Davangere
India,Karnataka,Dharwad
India,Karnataka,Gadag
India,Karnataka,Hassan
India,Karnataka,Haveri
India,Karnataka,Kalaburagi (Gulbarga)
India,Karnataka,Kodagu
India,Karnataka,Kolar
India,Karnataka,Koppal
India,Karnataka,Mandya
India,Karnataka,Mysuru (Mysore)
India,Karnataka,Raichur
India,Karnataka,Ramanagara
India,Karnataka,Shivamogga (Shimoga)
India,Karnataka,Tumakuru (Tumkur)
India,Karnataka,Udupi
India,Karnataka,Uttara Kannada (Karwar)
India,Karnataka,Vijayapura (Bijapur)
India,Karnataka,Yadgir
India,Kerala,Alappuzha
India,Kerala,Ernakulam
India,Kerala,Idukki
India,Kerala,Kannur
India,Kerala,Kasaragod
India,Kerala,Kollam
India,Kerala,Kottayam
India,Kerala,Kozhikode
India,Kerala,Malappuram
India,Kerala,Palakkad
India,Kerala,Pathanamthitta
India,Kerala,Thiruvananthapuram
India,Kerala,Thrissur
India,Kerala,Wayanad
India,Lakshadweep (UT),Agatti
India,Lakshadweep (UT),Amini
India,Lakshadweep (UT),Androth
India,Lakshadweep (UT),Bithra
India,Lakshadweep (UT),Chethlath
India,Lakshadweep (UT),Kavaratti
India,Lakshadweep (UT),Kadmath
India,Lakshadweep (UT),Kalpeni
India,Lakshadweep (UT),Kilthan
India,Lakshadweep (UT),Minicoy
India,Madhya Pradesh,Agar Malwa
India,Madhya Pradesh,Alirajpur
India,Madhya Pradesh,Anuppur
India,Madhya Pradesh,Ashoknagar
India,Madhya Pradesh,Balaghat
India,Madhya Pradesh,Barwani
India,Madhya Pradesh,Betul
India,Madhya Pradesh,Bhind
India,Madhya Pradesh,Bhopal
India,Madhya Pradesh,Burhanpur
India,Madhya Pradesh,Chhatarpur
India,Madhya Pradesh,Chhindwara
India,Madhya Pradesh,Damoh
India,Madhya Pradesh,Datia
India,Madhya Pradesh,Dewas
India,Madhya Pradesh,Dhar
India,Madhya Pradesh,Dindori
India,Madhya Pradesh,Guna
India,Madhya Pradesh,Gwalior
India,Madhya Pradesh,Harda
India,Madhya Pradesh,Hoshangabad
India,Madhya Pradesh,Indore
India,Madhya Pradesh,Jabalpur
India,Madhya Pradesh,Jhabua
India,Madhya Pradesh,Katni
India,Madhya Pradesh,Khandwa
India,Madhya Pradesh,Khargone
India,Madhya Pradesh,Mandla
India,Madhya Pradesh,Mandsaur
India,Madhya Pradesh,Morena
India,Madhya Pradesh,Narsinghpur
India,Madhya Pradesh,Neemuch
India,Madhya Pradesh,Panna
India,Madhya Pradesh,Raisen
India,Madhya Pradesh,Rajgarh
India,Madhya Pradesh,Ratlam
India,Madhya Pradesh,Rewa
India,Madhya Pradesh,Sagar
India,Madhya Pradesh,Satna
India,Madhya Pradesh,Sehore
India,Madhya Pradesh,Seoni
India,Madhya Pradesh,Shahdol
India,Madhya Pradesh,Shajapur
India,Madhya Pradesh,Sheopur
India,Madhya Pradesh,Shivpuri
India,Madhya Pradesh,Sidhi
India,Madhya Pradesh,Singrauli
India,Madhya Pradesh,Tikamgarh
India,Madhya Pradesh,Ujjain
India,Madhya Pradesh,Umaria
India,Madhya Pradesh,Vidisha
India,Maharashtra,Ahmednagar
India,Maharashtra,Akola
India,Maharashtra,Amravati
India,Maharashtra,Aurangabad
India,Maharashtra,Beed
India,Maharashtra,Bhandara
India,Maharashtra,Buldhana
India,Maharashtra,Chandrapur
India,Maharashtra,Dhule
India,Maharashtra,Gadchiroli
India,Maharashtra,Gondia
India,Maharashtra,Hingoli
India,Maharashtra,Jalgaon
India,Maharashtra,Jalna
India,Maharashtra,Kolhapur
India,Maharashtra,Latur
India,Maharashtra,Mumbai City
India,Maharashtra,Mumbai Suburban
India,Maharashtra,Nagpur
India,Maharashtra,Nanded
India,Maharashtra,Nandurbar
India,Maharashtra,Nashik
India,Maharashtra,Osmanabad
India,Maharashtra,Palghar
India,Maharashtra,Parbhani
India,Maharashtra,Pune
India,Maharashtra,Raigad
India,Maharashtra,Ratnagiri
India,Maharashtra,Sangli
India,Maharashtra,Satara
India,Maharashtra,Sindhudurg
India,Maharashtra,Solapur
India,Maharashtra,Thane
India,Maharashtra,Wardha
India,Maharashtra,Washim
India,Maharashtra,Yavatmal
India,Manipur,Bishnupur
India,Manipur,Chandel
India,Manipur,Churachandpur
India,Manipur,Imphal East
India,Manipur,Imphal West
India,Manipur,Jiribam
India,Manipur,Kakching
India,Manipur,Kamjong
India,Manipur,Kangpokpi
India,Manipur,Noney
India,Manipur,Pherzawl
India,Manipur,Senapati
India,Manipur,Tamenglong
India,Manipur,Tengnoupal
India,Manipur,Thoubal
India,Manipur,Ukhrul
India,Meghalaya,East Garo Hills
India,Meghalaya,East Jaintia Hills
India,Meghalaya,East Khasi Hills
India,Meghalaya,North Garo Hills
India,Meghalaya,Ri Bhoi
India,Meghalaya,South Garo Hills
India,Meghalaya,South West Garo Hills 
India,Meghalaya,South West Khasi Hills
India,Meghalaya,West Garo Hills
India,Meghalaya,West Jaintia Hills
India,Meghalaya,West Khasi Hills
India,Mizoram,Aizawl
India,Mizoram,Champhai
India,Mizoram,Kolasib
India,Mizoram,Lawngtlai
India,Mizoram,Lunglei
India,Mizoram,Mamit
India,Mizoram,Saiha
India,Mizoram,Serchhip
India,Nagaland,Dimapur
India,Nagaland,Kiphire
India,Nagaland,Kohima
India,Nagaland,Longleng
India,Nagaland,Mokokchung
India,Nagaland,Mon
India,Nagaland,Peren
India,Nagaland,Phek
India,Nagaland,Tuensang
India,Nagaland,Wokha
India,Nagaland,Zunheboto
India,Odisha,Angul
India,Odisha,Balangir
India,Odisha,Balasore
India,Odisha,Bargarh
India,Odisha,Bhadrak
India,Odisha,Boudh
India,Odisha,Cuttack
India,Odisha,Deogarh
India,Odisha,Dhenkanal
India,Odisha,Gajapati
India,Odisha,Ganjam
India,Odisha,Jagatsinghapur
India,Odisha,Jajpur
India,Odisha,Jharsuguda
India,Odisha,Kalahandi
India,Odisha,Kandhamal
India,Odisha,Kendrapara
India,Odisha,Kendujhar (Keonjhar)
India,Odisha,Khordha
India,Odisha,Koraput
India,Odisha,Malkangiri
India,Odisha,Mayurbhanj
India,Odisha,Nabarangpur
India,Odisha,Nayagarh
India,Odisha,Nuapada
India,Odisha,Puri
India,Odisha,Rayagada
India,Odisha,Sambalpur
India,Odisha,Sonepur
India,Odisha,Sundargarh
India,Puducherry (UT),Karaikal
India,Puducherry (UT),Mahe
India,Puducherry (UT),Pondicherry
India,Puducherry (UT),Yanam
India,Punjab,Amritsar
India,Punjab,Barnala
India,Punjab,Bathinda
India,Punjab,Faridkot
India,Punjab,Fatehgarh Sahib
India,Punjab,Fazilka
India,Punjab,Ferozepur
India,Punjab,Gurdaspur
India,Punjab,Hoshiarpur
India,Punjab,Jalandhar
India,Punjab,Kapurthala
India,Punjab,Ludhiana
India,Punjab,Mansa
India,Punjab,Moga
India,Punjab,Muktsar
India,Punjab,Nawanshahr (Shahid Bhagat Singh Nagar)
India,Punjab,Pathankot
India,Punjab,Patiala
India,Punjab,Rupnagar
India,Punjab,Sahibzada Ajit Singh Nagar (Mohali)
India,Punjab,Sangrur
India,Punjab,Tarn Taran
India,Rajasthan,Ajmer
India,Rajasthan,Alwar
India,Rajasthan,Banswara
India,Rajasthan,Baran
India,Rajasthan,Barmer
India,Rajasthan,Bharatpur
India,Rajasthan,Bhilwara
India,Rajasthan,Bikaner
India,Rajasthan,Bundi
India,Rajasthan,Chittorgarh
India,Rajasthan,Churu
India,Rajasthan,Dausa
India,Rajasthan,Dholpur
India,Rajasthan,Dungarpur
India,Rajasthan,Hanumangarh
India,Rajasthan,Jaipur
India,Rajasthan,Jaisalmer
India,Rajasthan,Jalore
India,Rajasthan,Jhalawar
India,Rajasthan,Jhunjhunu
India,Rajasthan,Jodhpur
India,Rajasthan,Karauli
India,Rajasthan,Kota
India,Rajasthan,Nagaur
India,Rajasthan,Pali
India,Rajasthan,Pratapgarh
India,Rajasthan,Rajsamand
India,Rajasthan,Sawai Madhopur
India,Rajasthan,Sikar
India,Rajasthan,Sirohi
India,Rajasthan,Sri Ganganagar
India,Rajasthan,Tonk
India,Rajasthan,Udaipur
India,Sikkim,East Sikkim
India,Sikkim,North Sikkim
India,Sikkim,South Sikkim
India,Sikkim,West Sikkim
India,Tamil Nadu,Ariyalur
India,Tamil Nadu,Chennai
India,Tamil Nadu,Coimbatore
India,Tamil Nadu,Cuddalore
India,Tamil Nadu,Dharmapuri
India,Tamil Nadu,Dindigul
India,Tamil Nadu,Erode
India,Tamil Nadu,Kanchipuram
India,Tamil Nadu,Kanyakumari
India,Tamil Nadu,Karur
India,Tamil Nadu,Krishnagiri
India,Tamil Nadu,Madurai
India,Tamil Nadu,Nagapattinam
India,Tamil Nadu,Namakkal
India,Tamil Nadu,Nilgiris
India,Tamil Nadu,Perambalur
India,Tamil Nadu,Pudukkottai
India,Tamil Nadu,Ramanathapuram
India,Tamil Nadu,Salem
India,Tamil Nadu,Sivaganga
India,Tamil Nadu,Thanjavur
India,Tamil Nadu,Theni
India,Tamil Nadu,Thoothukudi (Tuticorin)
India,Tamil Nadu,Tiruchirappalli
India,Tamil Nadu,Tirunelveli
India,Tamil Nadu,Tiruppur
India,Tamil Nadu,Tiruvallur
India,Tamil Nadu,Tiruvannamalai
India,Tamil Nadu,Tiruvarur
India,Tamil Nadu,Vellore
India,Tamil Nadu,Viluppuram
India,Tamil Nadu,Virudhunagar
India,Telangana,Adilabad
India,Telangana,Bhadradri Kothagudem
India,Telangana,Hyderabad
India,Telangana,Jagtial
India,Telangana,Jangaon
India,Telangana,Jayashankar Bhoopalpally
India,Telangana,Jogulamba Gadwal
India,Telangana,Kamareddy
India,Telangana,Karimnagar
India,Telangana,Khammam
India,Telangana,Komaram Bheem Asifabad
India,Telangana,Mahabubabad
India,Telangana,Mahabubnagar
India,Telangana,Mancherial
India,Telangana,Medak
India,Telangana,Medchal
India,Telangana,Nagarkurnool
India,Telangana,Nalgonda
India,Telangana,Nirmal
India,Telangana,Nizamabad
India,Telangana,Peddapalli
India,Telangana,Rajanna Sircilla
India,Telangana,Rangareddy
India,Telangana,Sangareddy
India,Telangana,Siddipet
India,Telangana,Suryapet
India,Telangana,Vikarabad
India,Telangana,Wanaparthy
India,Telangana,Warangal (Rural)
India,Telangana,Warangal (Urban)
India,Telangana,Yadadri Bhuvanagiri
India,Tripura,Dhalai
India,Tripura,Gomati
India,Tripura,Khowai
India,Tripura,North Tripura
India,Tripura,Sepahijala
India,Tripura,South Tripura
India,Tripura,Unakoti
India,Tripura,West Tripura
India,Uttarakhand,Almora
India,Uttarakhand,Bageshwar
India,Uttarakhand,Chamoli
India,Uttarakhand,Champawat
India,Uttarakhand,Dehradun
India,Uttarakhand,Haridwar
India,Uttarakhand,Nainital
India,Uttarakhand,Pauri Garhwal
India,Uttarakhand,Pithoragarh
India,Uttarakhand,Rudraprayag
India,Uttarakhand,Tehri Garhwal
India,Uttarakhand,Udham Singh Nagar
India,Uttarakhand,Uttarkashi
India,Uttar Pradesh,Agra
India,Uttar Pradesh,Aligarh
India,Uttar Pradesh,Allahabad
India,Uttar Pradesh,Ambedkar Nagar
India,Uttar Pradesh,Amethi (Chatrapati Sahuji Mahraj Nagar)
India,Uttar Pradesh,Amroha (J.P. Nagar)
India,Uttar Pradesh,Auraiya
India,Uttar Pradesh,Azamgarh
India,Uttar Pradesh,Baghpat
India,Uttar Pradesh,Bahraich
India,Uttar Pradesh,Ballia
India,Uttar Pradesh,Balrampur
India,Uttar Pradesh,Banda
India,Uttar Pradesh,Barabanki
India,Uttar Pradesh,Bareilly
India,Uttar Pradesh,Basti
India,Uttar Pradesh,Bhadohi
India,Uttar Pradesh,Bijnor
India,Uttar Pradesh,Budaun
India,Uttar Pradesh,Bulandshahr
India,Uttar Pradesh,Chandauli
India,Uttar Pradesh,Chitrakoot
India,Uttar Pradesh,Deoria
India,Uttar Pradesh,Etah
India,Uttar Pradesh,Etawah
India,Uttar Pradesh,Faizabad
India,Uttar Pradesh,Farrukhabad
India,Uttar Pradesh,Fatehpur
India,Uttar Pradesh,Firozabad
India,Uttar Pradesh,Gautam Buddha Nagar
India,Uttar Pradesh,Ghaziabad
India,Uttar Pradesh,Ghazipur
India,Uttar Pradesh,Gonda
India,Uttar Pradesh,Gorakhpur
India,Uttar Pradesh,Hamirpur
India,Uttar Pradesh,Hapur (Panchsheel Nagar)
India,Uttar Pradesh,Hardoi
India,Uttar Pradesh,Hathras
India,Uttar Pradesh,Jalaun
India,Uttar Pradesh,Jaunpur
India,Uttar Pradesh,Jhansi
India,Uttar Pradesh,Kannauj
India,Uttar Pradesh,Kanpur Dehat
India,Uttar Pradesh,Kanpur Nagar
India,Uttar Pradesh,Kanshiram Nagar (Kasganj)
India,Uttar Pradesh,Kaushambi
India,Uttar Pradesh,Kushinagar (Padrauna)
India,Uttar Pradesh,Lakhimpur - Kheri
India,Uttar Pradesh,Lalitpur
India,Uttar Pradesh,Lucknow
India,Uttar Pradesh,Maharajganj
India,Uttar Pradesh,Mahoba
India,Uttar Pradesh,Mainpuri
India,Uttar Pradesh,Mathura
India,Uttar Pradesh,Mau
India,Uttar Pradesh,Meerut
India,Uttar Pradesh,Mirzapur
India,Uttar Pradesh,Moradabad
India,Uttar Pradesh,Muzaffarnagar
India,Uttar Pradesh,Pilibhit
India,Uttar Pradesh,Pratapgarh
India,Uttar Pradesh,RaeBareli
India,Uttar Pradesh,Rampur
India,Uttar Pradesh,Saharanpur
India,Uttar Pradesh,Sambhal (Bhim Nagar)
India,Uttar Pradesh,Sant Kabir Nagar
India,Uttar Pradesh,Shahjahanpur
India,Uttar Pradesh,Shamali (Prabuddh Nagar)
India,Uttar Pradesh,Shravasti
India,Uttar Pradesh,Siddharth Nagar
India,Uttar Pradesh,Sitapur
India,Uttar Pradesh,Sonbhadra
India,Uttar Pradesh,Sultanpur
India,Uttar Pradesh,Unnao
India,Uttar Pradesh,Varanasi
India,West Bengal,Alipurduar
India,West Bengal,Bankura
India,West Bengal,Birbhum
India,West Bengal,Burdwan (Bardhaman)
India,West Bengal,Cooch Behar
India,West Bengal,Dakshin Dinajpur (South Dinajpur)
India,West Bengal,Darjeeling
India,West Bengal,Hooghly
India,West Bengal,Howrah
India,West Bengal,Jalpaiguri
India,West Bengal,Kalimpong
India,West Bengal,Kolkata
India,West Bengal,Malda
India,West Bengal,Murshidabad
India,West Bengal,Nadia
India,West Bengal,North 24 Parganas
India,West Bengal,Paschim Medinipur (West Medinipur)
India,West Bengal,Purba Medinipur (East Medinipur)
India,West Bengal,Purulia
India,West Bengal,South 24 Parganas
India,West Bengal,Uttar Dinajpur (North Dinajpur)
USA,California,Los Angeles
USA,California,San Francisco
USA,California,San Diego
USA,California,Sacramento
USA,California,Oakland
USA,California,Fresno
USA,California,Bakersfield
USA,California,Anaheim
USA,California,Long Beach
USA,California,Irvine
USA,Texas,Houston
USA,Texas,Dallas
USA,Texas,Austin
USA,Texas,San Antonio
USA,Texas,Fort Worth
USA,Texas,El Paso
USA,Florida,Miami
USA,Florida,Orlando
USA,Florida,Tampa
USA,Florida,Jacksonville
USA,Florida,Tallahassee
USA,New York,New York City
USA,New York,Buffalo
USA,New York,Albany
USA,New York,Rochester
USA,New York,Syracuse
USA,Illinois,Chicago
USA,Illinois,Aurora
USA,Illinois,Naperville
USA,Illinois,Rockford
USA,Pennsylvania,Philadelphia
USA,Pennsylvania,Pittsburgh
USA,Pennsylvania,Allentown
USA,Pennsylvania,Erie
USA,Ohio,Columbus
USA,Ohio,Cleveland
USA,Ohio,Cincinnati
USA,Ohio,Toledo
USA,Georgia,Atlanta
USA,Georgia,Savannah
USA,Georgia,Augusta
USA,Georgia,Athens
USA,Washington,Seattle
USA,Washington,Spokane
USA,Washington,Tacoma
USA,Washington,Olympia
UK,England,London
UK,England,Manchester
UK,England,Liverpool
UK,England,Birmingham
UK,England,Leeds
UK,England,Bristol
UK,England,Sheffield
UK,England,Nottingham
UK,England,Leicester
UK,England,Coventry
UK,England,Newcastle
UK,England,York
UK,Scotland,Glasgow
UK,Scotland,Edinburgh
UK,Scotland,Aberdeen
UK,Scotland,Dundee
UK,Scotland,Inverness
UK,Wales,Cardiff
UK,Wales,Swansea
UK,Wales,Newport
UK,Northern Ireland,Belfast
UK,Northern Ireland,Derry
UK,Northern Ireland,Lisburn
China,Beijing,Beijing
China,Shanghai,Shanghai
China,Guangdong,Shenzhen
China,Guangdong,Guangzhou
China,Guangdong,Dongguan
China,Sichuan,Chengdu
Japan,Tokyo,Tokyo
Japan,Osaka,Osaka
Japan,Hokkaido,Sapporo
Japan,Kyoto,Kyoto
